del;SchuelerBGYM;abels_marcel
del;SchuelerFOS;adams_lea
del;SchuelerGTA;semce
del;SchuelerGTA;semce
del;SchuelerGTA;hr.adryan
del;SchuelerGTA;hr.adryan
del;SchuelerFOS;aitelhadi_marwa
del;SchuelerGTA;aitelhadi_marwa
del;SchuelerFOS;aitelhadi_marwa
del;SchuelerGTA;aitelhadi_marwa
del;SchuelerGTA;mihriban.akguel
del;SchuelerGTA;mihriban
del;SchuelerGTA;mihriban.akguel
del;SchuelerGTA;mihriban
del;SchuelerIF;alalwani_m-naseh
del;SchuelerGTA;nameless
del;SchuelerBGYM;soraya_ameri
del;SchuelerBGYM;anbeh_naima
del;SchuelerBGYM;amiarb
del;SchuelerBFS;attermeyer_paul
del;SchuelerFOS;axer_kim
del;SchuelerFOS;axer_kim
del;SchuelerBFS;bacelis_gaudre
del;SchuelerBGYM;bacelis_gaudre
del;SchuelerGTA;bach_jan-nick
del;SchuelerGTA;baedorf_leon
del;SchuelerGTA;malcom
del;SchuelerFOS;bati_sandrine
del;SchuelerGTA;martinb
del;SchuelerFOS;baum_lena
del;SchuelerFOS;bazda_chadia
del;SchuelerFOS;becker_jorna
del;SchuelerFOS;becker_jorna
del;SchuelerFOS;benzschawel_carl
del;SchuelerGTA;maxberg
del;SchuelerGTA;berg_bianca
del;SchuelerGTA;bergen_jana
del;SchuelerGTA;mirco.berger
del;SchuelerGTA;nita
del;SchuelerBGYM;beyer_tim
del;SchuelerFOS;blum_davina
del;SchuelerGTA;blum_davina
del;SchuelerFOS;blum_davina
del;SchuelerGTA;blum_davina
del;SchuelerGTA;bock_janik
del;SchuelerBGYM;sofia10
del;SchuelerGTA;bvbcollin
del;SchuelerFOS;boley_elias
del;SchuelerIF;boomers_frederik
del;SchuelerLBS;boomers_frederik
del;SchuelerFOS;bradtke_alina
del;SchuelerGTA;alexander
del;SchuelerGTA;brambeer_luisa
del;SchuelerFOS;brandt_juergen
del;SchuelerGTA;christy
del;SchuelerFOS;brueckner_annkathrin
del;SchuelerFOS;buchholz_marie
del;SchuelerGTA;lunabuema
del;SchuelerGTA;lunabuema
del;SchuelerFOS;bungart_leonie
del;SchuelerGTA;bryda
del;SchuelerFOS;caracciola_nadja
del;SchuelerGTA;ncrlsn
del;SchuelerGTA;ncrlsn
del;SchuelerFOS;celik_beriwan
del;SchuelerBGYM;centonze_eva
del;SchuelerFOS;christmann_nadine
del;SchuelerFOS;christmann_nadine
del;SchuelerIF;cichon_kevin
del;SchuelerLBS;cichon_kevin
del;SchuelerBGYM;finnclemens
del;SchuelerIF;dawoud_nivin
del;SchuelerLBS;demir_yusuf
del;SchuelerGTA;dietz
del;SchuelerBGYM;frankdietz
del;SchuelerGTA;dietz
del;SchuelerFOS;dobbelgarten_luis
del;SchuelerGTA;doll_kai
del;SchuelerIF;dominick_fabian
del;SchuelerLBS;dominick_fabian
del;SchuelerFOS;dorocinska_sara
del;SchuelerGTA;drescher_tim
del;SchuelerGTA;drescher_tim
del;SchuelerFOS;drescher_maximilian
del;SchuelerBGYM;dreymueller_maja
del;SchuelerGTA;dueckmann_evelyn
del;SchuelerFOS;dumesny_thomas
del;SchuelerFOS;ebert_madleen
del;SchuelerGTA;ebert_madleen
del;SchuelerFOS;ebert_madleen
del;SchuelerGTA;ebert_madleen
del;SchuelerBGYM;ehle_lucius
del;SchuelerFOS;elfadel_anissa
del;SchuelerFOS;elis_viktoria
del;SchuelerFOS;elis_viktoria
del;SchuelerGTA;simone.e
del;SchuelerFOS;esser_simone
del;SchuelerFOS;eulen_nadine
del;SchuelerGTA;eulen_nadine
del;SchuelerBFS;fatahi_farzam
del;SchuelerGTA;faust_anna
del;SchuelerBGYM;antonia310
del;SchuelerFOS;feldhaus_milena
del;SchuelerFOS;ferro_ariana
del;SchuelerGTA;ronjafischer
del;SchuelerGTA;ronjafischer
del;SchuelerGTA;ronjafischer
del;SchuelerGTA;melloamitie
del;SchuelerGTA;fitzenberger_laura
del;SchuelerGTA;ag11509
del;SchuelerGTA;ag11509
del;SchuelerBGYM;fritsch_paulin
del;SchuelerIF;gaertner_tomas
del;SchuelerLBS;gaertner_tomas
del;SchuelerGTA;pmaster
del;SchuelerGTA;geslerski_jil
del;SchuelerGTA;miro
del;SchuelerGTA;mia
del;SchuelerGTA;glosch_marvin
del;SchuelerGTA;veronika
del;SchuelerFOS;gora_veronika
del;SchuelerBGYM;carlograbo18
del;SchuelerBGYM;graff_eileen
del;SchuelerGTA;grohn_andre
del;SchuelerFOS;guevara_john
del;SchuelerFOS;guelden_jonas
del;SchuelerGTA;guelden_jonas
del;SchuelerFOS;guelden_jonas
del;SchuelerGTA;guelden_jonas
del;SchuelerGTA;burak_can
del;SchuelerGTA;flora_haertel
del;SchuelerGTA;nils77
del;SchuelerFOS;hagedorn_nils
del;SchuelerFOS;hagemann_phillip
del;SchuelerIF;hagen_simon
del;SchuelerLBS;hagen_simon
del;SchuelerFOS;hambach_selina
del;SchuelerLBS;han_tolga
del;SchuelerBGYM;solveig1811
del;SchuelerGTA;raffaela
del;SchuelerBGYM;lucas_hauwe
del;SchuelerLBS;heid_patrick
del;SchuelerFOS;heinen_sarah
del;SchuelerGTA;heinen_sarah
del;SchuelerFOS;hernandez_joshua
del;SchuelerFOS;hertling_elena
del;SchuelerBGYM;sophieherzog
del;SchuelerGTA;kim_hielscher
del;SchuelerFOS;hilger_eileen
del;SchuelerFOS;hilger_eileen
del;SchuelerGTA;helenhintz
del;SchuelerGTA;helenhintz
del;SchuelerFOS;hoffmann_martin
del;SchuelerFOS;hoffmann_martin
del;SchuelerGTA;hoheluechter_jana
del;SchuelerGTA;nshoelzer
del;SchuelerGTA;nshoelzer
del;SchuelerGTA;adrian
del;SchuelerBFS;hoeppner_saskia
del;SchuelerGTA;adrian
del;SchuelerIF;hussaini_mujtaba
del;SchuelerFOS;issa_omer
del;SchuelerBGYM;sistam
del;SchuelerBGYM;istambouli_samira
del;SchuelerIF;janikowski_konrad
del;SchuelerLBS;janikowski_konrad
del;SchuelerFOS;janitz_hanna
del;SchuelerGTA;jaschob_yannick
del;SchuelerBGYM;gj1992
del;SchuelerFOS;jeub_marvin
del;SchuelerFOS;joa_paul
del;SchuelerFOS;jonas_hanna
del;SchuelerGTA;darkscythe
del;SchuelerIF;juergensmeier_marcel
del;SchuelerLBS;juergensmeier_marcel
del;SchuelerFOS;kalita_wiktoria
del;SchuelerFOS;karim_darin
del;SchuelerFOS;kaspers_hannah
del;SchuelerBFS;celinak
del;SchuelerGTA;ferhatino123
del;SchuelerBGYM;markkessenich
del;SchuelerGTA;kessler_nicole
del;SchuelerGTA;kessler_nicole
del;SchuelerGTA;kessler_nicole
del;SchuelerGTA;kessler_nicole
del;SchuelerGTA;kirchhartz_demaris
del;SchuelerGTA;kirchhartz_demaris
del;SchuelerBFS;kitz_patrizia
del;SchuelerFOS;ag116
del;SchuelerGTA;ag116
del;SchuelerFOS;klei_felix
del;SchuelerGTA;nique99
del;SchuelerGTA;nique99
del;SchuelerFOS;klevenhaus_tobias
del;SchuelerGTA;maurawan23
del;SchuelerGTA;laraklinz
del;SchuelerGTA;klumpp_tobias
del;SchuelerGTA;klumpp_tobias
del;SchuelerGTA;knauth
del;SchuelerGTA;clarissa_knauth
del;SchuelerBGYM;clarissa_knauth
del;SchuelerBGYM;knorreschild_laura
del;SchuelerBGYM;annika.123
del;SchuelerGTA;koehnlein_jacqueline
del;SchuelerFOS;kopp_henning
del;SchuelerFOS;kopp_henning
del;SchuelerLBS;korge_nadine
del;SchuelerFOS;korth_laurin
del;SchuelerGTA;kowalewski_christoph
del;SchuelerGTA;kowalewski_christoph
del;SchuelerGTA;kowalewski_christoph
del;SchuelerGTA;marakrause
del;SchuelerGTA;marakrause
del;SchuelerIF;krause_eddie
del;SchuelerLBS;krause_eddie
del;SchuelerFOS;kremer_nadine
del;SchuelerFOS;kremer_nadine
del;SchuelerFOS;kremer_nadine
del;SchuelerFOS;kroell_alina
del;SchuelerGTA;kroell_alina
del;SchuelerIF;kron_sebastian
del;SchuelerLBS;kron_sebastian
del;SchuelerGTA;krusch_anastasia
del;SchuelerGTA;henri
del;SchuelerBGYM;julian123
del;SchuelerIF;kuschnarenko_alexander
del;SchuelerLBS;kuschnarenko_alexander
del;SchuelerGTA;laadriii5
del;SchuelerGTA;laadriii5
del;SchuelerGTA;laciok
del;SchuelerGTA;laciok
del;SchuelerFOS;laroche_giulia
del;SchuelerGTA;menthakoenen
del;SchuelerFOS;leeser_luca
del;SchuelerGTA;lehmann_artur
del;SchuelerGTA;lehmann_artur
del;SchuelerGTA;leonielehmberg
del;SchuelerFOS;lehmberg_leonie
del;SchuelerGTA;ilkalerm
del;SchuelerGTA;janiklie
del;SchuelerGTA;janiklie
del;SchuelerIF;liesenberg_maximilian
del;SchuelerLBS;liesenberg_maximilian
del;SchuelerGTA;lorse
del;SchuelerBGYM;lott_niclas
del;SchuelerGTA;loupatty_michelle
del;SchuelerFOS;loewen_anastasia
del;SchuelerFOS;lubaschewski_margarita
del;SchuelerGTA;sarahxxdll
del;SchuelerFOS;luelsdorf_isabella
del;SchuelerFOS;luelsdorf_isabella
del;SchuelerGTA;gabriel
del;SchuelerGTA;gabriel
del;SchuelerGTA;maj_niklas
del;SchuelerGTA;maj_niklas
del;SchuelerGTA;mank_anna-lena
del;SchuelerGTA;marakis_andreas
del;SchuelerBGYM;yoannnamarinova
del;SchuelerFOS;marx_laura
del;SchuelerFOS;marx_laura
del;SchuelerGTA;mause_sebastian
del;SchuelerFOS;meester_michelle
del;SchuelerBGYM;leooreo
del;SchuelerGTA;meutgens_yannis
del;SchuelerGTA;mies_moritz
del;SchuelerGTA;mies_moritz
del;SchuelerFOS;moor_daniel
del;SchuelerFOS;moor_daniel
del;SchuelerGTA;torben666
del;SchuelerGTA;torben666
del;SchuelerGTA;bine
del;SchuelerFOS;mosmann_svetlana
del;SchuelerIF;mpaka_anthony
del;SchuelerIF;msha_muhammed
del;SchuelerGTA;theteagle
del;SchuelerGTA;jannik789
del;SchuelerGTA;mueller_raphael
del;SchuelerGTA;mueller_raphael
del;SchuelerFOS;mueller_dennis
del;SchuelerGTA;annemue
del;SchuelerFOS;mueller_jona
del;SchuelerGTA;schnee
del;SchuelerGTA;schnee
del;SchuelerGTA;muennich_laura
del;SchuelerIF;nachtmann_fabian
del;SchuelerLBS;nachtmann_fabian
del;SchuelerBFS;neberekutina_ljuba
del;SchuelerGTA;laraneu
del;SchuelerFOS;nibte_sarah
del;SchuelerIF;nikrandt_antek
del;SchuelerLBS;nikrandt_antek
del;SchuelerFOS;nilkens_daniel
del;SchuelerFOS;noebel_mara
del;SchuelerFOS;oreilly_maeve
del;SchuelerFOS;oesting_franziska
del;SchuelerGTA;oesting_franziska
del;SchuelerFOS;oesting_franziska
del;SchuelerGTA;oesting_franziska
del;SchuelerBGYM;okur_ayse
del;SchuelerBGYM;cornelius_y
del;SchuelerBGYM;christina.ott.01
del;SchuelerBFS;otto_muriel
del;SchuelerGTA;ouannan_jamil
del;SchuelerFOS;ouso_dilana
del;SchuelerGTA;jiaqipang
del;SchuelerBFS;paffrath_franziska
del;SchuelerGTA;paliokosta.irini
del;SchuelerGTA;paliokosta.irini
del;SchuelerFOS;jenp
del;SchuelerFOS;peters_katharina
del;SchuelerFOS;peters_katharina
del;SchuelerFOS;peters_katharina
del;SchuelerFOS;peters_katharina
del;SchuelerGTA;petersheim_chiara
del;SchuelerFOS;phongpachith_celine
del;SchuelerFOS;phongpachith_celine
del;SchuelerGTA;nicoo
del;SchuelerGTA;leoniep97
del;SchuelerGTA;leoniep97
del;SchuelerGTA;kimberlypoehler
del;SchuelerFOS;prasser_elias
del;SchuelerGTA;probst_moritz
del;SchuelerFOS;pruefer_magnus
del;SchuelerBGYM;pumpo_alina
del;SchuelerFOS;radel_adrian
del;SchuelerBGYM;antobang
del;SchuelerGTA;valeriaa
del;SchuelerGTA;ramershoven_noah
del;SchuelerGTA;esora
del;SchuelerGTA;esora
del;SchuelerGTA;jennyrau
del;SchuelerGTA;nils.reimert
del;SchuelerBGYM;annikar
del;SchuelerGTA;reinartz_janine
del;SchuelerGTA;xelenar
del;SchuelerGTA;xelenar
del;SchuelerGTA;xelenar
del;SchuelerGTA;robin_reko
del;SchuelerBFS;rennert_martin
del;SchuelerLBS;resdorf_joyce
del;SchuelerFOS;mika
del;SchuelerBFS;risch_nils
del;SchuelerFOS;rohmann_tristan
del;SchuelerGTA;nele
del;SchuelerGTA;nele
del;SchuelerIF;ruhwinkel_jo
del;SchuelerLBS;ruhwinkel_jo
del;SchuelerFOS;rydzicki_adrian
del;SchuelerFOS;rydzicki_adrian
del;SchuelerGTA;nadine10
del;SchuelerGTA;sargisyan_sylvia
del;SchuelerFOS;schakinnas_eric
del;SchuelerIF;schaly_maurice
del;SchuelerLBS;schaly_maurice
del;SchuelerLBS;schawaller_carsten
del;SchuelerBFS;scheffler_alina
del;SchuelerFOS;scheifler_daniel
del;SchuelerFOS;schicke_kim
del;SchuelerFOS;schicke_kim
del;SchuelerGTA;schilf_jan
del;SchuelerGTA;schmidtob
del;SchuelerFOS;schmidt_valentin
del;SchuelerGTA;schmieder_viktoria
del;SchuelerBGYM;elisa99
del;SchuelerGTA;schmitz_alina
del;SchuelerBFS;schmitz_hannah
del;SchuelerFOS;schmitz_jennifer
del;SchuelerGTA;connorschneider
del;SchuelerFOS;schnotale_johanna
del;SchuelerFOS;schol_kevin
del;SchuelerFOS;schol_kevin
del;SchuelerGTA;michael.schoemer
del;SchuelerFOS;schoen_kassandra
del;SchuelerLBS;schormann_loot
del;SchuelerGTA;schreiner_nicole
del;SchuelerIF;schroeer_fabian
del;SchuelerLBS;schroeer_fabian
del;SchuelerGTA;schueller_daria
del;SchuelerFOS;schuelter_anna
del;SchuelerFOS;anna.schuelter
del;SchuelerGTA;jani
del;SchuelerGTA;schumacher_sarah
del;SchuelerGTA;admin02
del;SchuelerGTA;schupp
del;SchuelerGTA;schupp
del;SchuelerFOS;schwarze_sophia
del;SchuelerFOS;sebastian_annette
del;SchuelerGTA;sebastian_annette
del;SchuelerFOS;seibold_yannik
del;SchuelerIF;seidel_dustin
del;SchuelerLBS;seidel_dustin
del;SchuelerGTA;zaharjkee228
del;SchuelerFOS;sevostianov_zakhar
del;SchuelerGTA;zaharjkee228
del;SchuelerFOS;shi_william
del;SchuelerFOS;siljevic_adelisa
del;SchuelerBGYM;manuelsiry
del;SchuelerIF;slo_noaf
del;SchuelerFOS;spielmann_jonathan
del;SchuelerIF;stammkoetter_torben
del;SchuelerLBS;stammkoetter_torben
del;SchuelerGTA;dstangier
del;SchuelerBFS;steinberg_maik
del;SchuelerGTA;steinhoff_asadeh
del;SchuelerGTA;ag11548
del;SchuelerGTA;ag11548
del;SchuelerLBS;stolzke_daniel
del;SchuelerFOS;strauss_estelle
del;SchuelerFOS;strauss_estelle
del;SchuelerFOS;sturm_seraphin
del;SchuelerGTA;stuesser_mario
del;SchuelerBGYM;swinzow_dennis
del;SchuelerFOS;talmassany_yassin
del;SchuelerFOS;tello_nadine
del;SchuelerFOS;temizel_berna
del;SchuelerGTA;kiria.th
del;SchuelerFOS;theisen_hannah
del;SchuelerFOS;theisen_hannah
del;SchuelerIF;thielen_sascha
del;SchuelerLBS;thielen_sascha
del;SchuelerGTA;thomsen_sven-luca
del;SchuelerFOS;thoene_paula
del;SchuelerFOS;treder_arne
del;SchuelerGTA;treder_arne
del;SchuelerFOS;trost_sara
del;SchuelerFOS;trost_sara
del;SchuelerGTA;a.turner
del;SchuelerGTA;a.turner
del;SchuelerGTA;a.turner
del;SchuelerIF;tyranski_alan
del;SchuelerLBS;tyranski_alan
del;SchuelerGTA;varol_atacan
del;SchuelerGTA;andreas99
del;SchuelerGTA;laura25
del;SchuelerFOS;venticinque_laura
del;SchuelerGTA;tanja_nja
del;SchuelerFOS;volmerig_jasmin
del;SchuelerFOS;volmerig_jasmin
del;SchuelerFOS;voosen_salome
del;SchuelerFOS;voosen_salome
del;SchuelerGTA;joern
del;SchuelerGTA;wallenfang_felicitas
del;SchuelerFOS;wanschura_lena
del;SchuelerFOS;wanschura_lena
del;SchuelerGTA;wegner_lara
del;SchuelerBFS;wenzel_anton
del;SchuelerBFS;wieschermann_christian
del;SchuelerGTA;ag11637
del;SchuelerGTA;irawillems
del;SchuelerGTA;irawillems
del;SchuelerFOS;willems_charlotte
del;SchuelerFOS;willems_lucy
del;SchuelerGTA;wirxel_vincent
del;SchuelerBGYM;timwollner
del;SchuelerIF;wolski_jan-philip
del;SchuelerLBS;wolski_jan-philip
del;SchuelerIF;yalcinkaya_furkan
del;SchuelerLBS;yalcinkaya_furkan
del;SchuelerGTA;zass_erik
del;SchuelerGTA;davezernikel
del;SchuelerGTA;ziethen_leon
del;SchuelerIF;zignale_pietro
del;SchuelerBGYM;rotezora
del;SchuelerFOS;zimmer_leonard
